tag,param,pct,perturbed_value,recal_k_eff,recal_cp_eff,recal_tau_top_s,calib_RMSE_C,calib_boundary_warnings,TOTAL_high_mean_C,TOTAL_low_mean_C,TOTAL_amp_mean_C,TOTAL_overall_max_C,d_TOTAL_high_C,d_TOTAL_low_C,d_TOTAL_amp_C,d_TOTAL_max_C,DIRECT_high_mean_C,DIRECT_low_mean_C,d_DIRECT_high_C,d_DIRECT_low_C,d_DIRECT_amp_C,INDIRECT_high_mean_C,INDIRECT_low_mean_C,d_INDIRECT_high_C,d_INDIRECT_low_C,d_INDIRECT_amp_C,interaction_high_C,interaction_low_C,Nx,dt_s,newton_max_iter
F_view_0.8,F_view,-20.0,0.8,0.065,600.0,8.5,0.6331715242894248,CP_MIN,84.73625732208876,58.56029180858933,26.175965513499424,89.05636570730879,0.03289171869096208,-0.125872067459035,0.15876378614998998,-0.040564740509040575,84.7190967744802,58.70430261050826,0.015731171082407513,0.018138734459896,-0.002407563377481381,84.71964187609458,58.540893233433295,0.016276272696785554,-0.14527064261506695,0.1615469153118454,0.0008842749117690119,0.0012598406961359387,186,7.8375e-05,2
F_view_0.9,F_view,-10.0,0.9,0.0675,600.0,8.5,0.6347433828253588,CP_MIN,84.9286971911755,58.403494894744675,26.525202296430837,89.07869060440495,0.22533158777770268,-0.28266898130368645,0.5080005690814033,-0.018239843412871437,84.71102707617112,58.69499496596321,0.0076614727733215204,0.0088310899148496,-0.0011696171415174206,84.92090272927469,58.39435131656946,0.21753712587688767,-0.29181255947889895,0.5093496853557902,0.000132989127493488,0.00031248826036289756,186,7.8375e-05,2
epsilon_0.80,epsilon,-11.1111,0.8,0.065,600.0,8.5,0.6296358471128287,CP_MIN,84.72865897067348,58.55141716833189,26.177241802341623,89.04513290462396,0.025293367275679657,-0.13474670771647368,0.16004007499218886,-0.051797543193870865,84.71190293346987,58.69600488197032,0.008537330072073246,0.009841005921956025,-0.0013036758498934375,84.71964187609458,58.540893233433295,0.016276272696785554,-0.14527064261506695,0.1615469153118454,0.0004797645068208567,0.0006829289766372426,186,7.8375e-05,2
epsilon_1.00,epsilon,11.1111,1.0,0.0725,700.0,8.5,0.6337009794725554,CP_MIN,84.87244430986898,58.54555586737706,26.32688844249192,89.11571806768671,0.16907870647118273,-0.1406080086713004,0.3096867151424867,0.018787619868888328,84.69529310568653,58.676864718090194,-0.008072497711268056,-0.009299157958167825,0.0012266602468962162,84.88023758576136,58.55458244876998,0.17687198236356494,-0.13158142727838396,0.3084534096419489,0.0002792218188858442,0.0002725765652513701,186,7.8375e-05,2
fc70_cp_+10,fc70_cp,10.0,1155.0,0.07,700.0,8.0,0.6330015974812082,CP_MIN,84.6076740593333,58.772884794669984,25.834789264663307,89.09680036096165,-0.09569154406449343,0.0867209186216229,-0.18241246268612699,-0.00013008685617421634,84.6076740593333,58.772884794669984,-0.09569154406449343,0.0867209186216229,-0.18241246268612699,84.7033656033978,58.68616387604836,0.0,0.0,0.0,0.0,0.0,186,7.8375e-05,2
fc70_cp_-10,fc70_cp,-10.0,945.0,0.07,700.0,8.0,0.6349291395252249,CP_MIN,84.79907204017238,58.59938151147058,26.199690528701787,89.09705514812943,0.09570643677457724,-0.08678236457777899,0.18248880135235268,0.00012470031160205508,84.79907204017238,58.59938151147058,0.09570643677457724,-0.08678236457777899,0.18248880135235268,84.7033656033978,58.68616387604836,0.0,0.0,0.0,0.0,0.0,186,7.8375e-05,2
fc70_k_+10,fc70_k,10.0,0.077,0.07,700.0,8.0,0.6390599513410387,CP_MIN,84.67880882240614,58.701895258960256,25.976913563445883,89.09668577841556,-0.024556780991659366,0.015731382911894798,-0.04028816390355061,-0.000244669402263753,84.67880882240614,58.701895258960256,-0.024556780991659366,0.015731382911894798,-0.04028816390355061,84.7033656033978,58.68616387604836,0.0,0.0,0.0,0.0,0.0,186,7.8375e-05,2
fc70_k_-10,fc70_k,-10.0,0.063,0.07,700.0,8.0,0.6301433991219632,CP_MIN,84.73437705295774,58.666182158742785,26.068194894214955,89.09722079897543,0.03101144955994073,-0.019981717305576296,0.05099316686552058,0.00029035115760223107,84.73437705295774,58.666182158742785,0.03101144955994073,-0.019981717305576296,0.05099316686552058,84.7033656033978,58.68616387604836,0.0,0.0,0.0,0.0,0.0,186,7.8375e-05,2
fc70_rho_+10,fc70_rho,10.0,2134.0,0.07,700.0,8.0,0.6330015974812082,CP_MIN,84.6076740593333,58.772884794669984,25.834789264663307,89.09680036096165,-0.09569154406449343,0.0867209186216229,-0.18241246268612699,-0.00013008685617421634,84.6076740593333,58.772884794669984,-0.09569154406449343,0.0867209186216229,-0.18241246268612699,84.7033656033978,58.68616387604836,0.0,0.0,0.0,0.0,0.0,186,7.8375e-05,2
fc70_rho_-10,fc70_rho,-10.0,1746.0,0.07,700.0,8.0,0.6349291395252249,CP_MIN,84.79907204017238,58.59938151147058,26.199690528701787,89.09705514812943,0.09570643677457724,-0.08678236457777899,0.18248880135235268,0.00012470031160205508,84.79907204017238,58.59938151147058,0.09570643677457724,-0.08678236457777899,0.18248880135235268,84.7033656033978,58.68616387604836,0.0,0.0,0.0,0.0,0.0,186,7.8375e-05,2
geom_bottom_coc_+10,geom_Bottom COC,10.0,198.00000000000003,0.07,600.0,8.5,0.631538779109587,CP_MIN,84.41651464714279,58.74833833380883,25.668176313333944,89.00768319424927,-0.2868509562550088,0.06217445776047015,-0.3490254140154896,-0.08924725356855845,84.0013473626877,59.193076944208116,-0.7020182407101032,0.5069130681597542,-1.2089313088698468,85.11488536240029,58.252680166536464,0.4115197590024877,-0.4334837095118971,0.8450034685144097,0.0036475254526067147,-0.01125490088738701,190,7.8375e-05,2
geom_bottom_coc_-10,geom_Bottom COC,-10.0,162.0,0.0675,700.0,8.0,0.63239142927677,CP_MIN,85.26823401374352,58.28340588404523,26.984828129698304,89.15928355351551,0.5648684103457242,-0.40275799200313145,0.9676264023488699,0.0623531056976816,85.44292851043431,58.152930981263175,0.7395629070365146,-0.5332328947851863,1.2727958018217116,84.5201988012983,58.82172573987925,-0.18316680209949254,0.13556186383088686,-0.3187286659303723,0.008472305408702141,-0.005086961048831995,182,7.837499999999957e-05,2
geom_fc70_+10,geom_FC-70,10.0,55.00000000000001,0.07,700.0,8.0,0.6313087701612463,CP_MIN,84.63552085801766,58.754801788477906,25.880719069539744,89.09705528891402,-0.06784474538014251,0.0686379124295442,-0.13648265780969027,0.00012484109619492756,84.63552085801766,58.754801788477906,-0.06784474538014251,0.0686379124295442,-0.13648265780969027,84.7033656033978,58.68616387604836,0.0,0.0,0.0,0.0,0.0,187,7.8375e-05,2
geom_fc70_-10,geom_FC-70,-10.0,45.0,0.0675,700.0,8.0,0.6391174599062972,CP_MIN,84.58984941336406,58.751355599244384,25.838493814119712,89.06440482452615,-0.11351619003373514,0.06519172319602262,-0.17870791322972224,-0.03252562329167574,84.77204394772306,58.61659287281827,0.06867834432526365,-0.06957100323008802,0.13824934755534812,84.5201988012983,58.82172573987925,-0.18316680209949254,0.13556186383088686,-0.3187286659303723,0.0009722677404937485,-0.0007991374047762179,185,7.8375e-05,2
geom_pcr_sample_+10,geom_PCR Sample,10.0,22.0,0.07,700.0,8.0,0.6327386091291031,CP_MIN,84.6288161707988,58.753904857167136,25.87491131363166,89.09625152362617,-0.07454943259899949,0.06774098111877436,-0.14229041371777384,-0.0006789241916607125,84.6288161707988,58.753904857167136,-0.07454943259899949,0.06774098111877436,-0.14229041371777384,84.7033656033978,58.68616387604836,0.0,0.0,0.0,0.0,0.0,186,9.483374999999994e-05,2
geom_pcr_sample_-10,geom_PCR Sample,-10.0,18.0,0.07,700.0,8.0,0.6346839414197177,CP_MIN,84.77765699351075,58.61854525577724,26.15911173773353,89.09760758560651,0.07429139011294694,-0.06761862027111931,0.14191001038409468,0.000677137788684945,84.77765699351075,58.61854525577724,0.07429139011294694,-0.06761862027111931,0.14191001038409468,84.7033656033978,58.68616387604836,0.0,0.0,0.0,0.0,0.0,186,6.348375000000001e-05,2
geom_top_coc_+10,geom_Top COC,10.0,660.0,0.075,600.0,8.5,0.6215967238727705,CP_MIN,85.39441801906415,58.140727368951794,27.253690650112382,89.160057390677,0.6910524156663485,-0.5454365070965679,1.2364889227629483,0.06312694285917075,84.698384320225,58.78381379845148,-0.004981283172796225,0.09764992240312154,-0.1026312055759071,85.48278628829455,57.98254395618529,0.7794206848967491,-0.7036199198630726,1.483040604759804,-0.08338698605760442,0.06053349036338318,198,7.8375e-05,2
geom_top_coc_-10,geom_Top COC,-10.0,540.0,0.065,700.0,8.5,0.6272963936780726,CP_MIN,84.3755703384115,58.8206096944397,25.5549606439718,89.02636646917321,-0.3277952649862925,0.13444581839134173,-0.46224108337763425,-0.07056397864461417,84.7815263008483,58.52163565143247,0.07816069745049958,-0.16452822461589278,0.24268892206638526,84.33022454823123,58.96111477261907,-0.37314105516657037,0.2749508965707079,-0.6480919517372925,-0.03281490727022174,0.024023146436526588,174,7.8375e-05,2
h_conv_+10,h_conv,10.0,11.0,0.075,700.0,8.5,0.6282328077658008,CP_MIN,85.03928205316168,58.413090322665525,26.626191730496156,89.13862493670689,0.3359164497638858,-0.27307355338283656,0.6089900031467224,0.04169448888906402,84.6907010276336,58.67172765455506,-0.01266457576420521,-0.014436221493298262,0.0017716457291037102,85.05110339097408,58.426695071311336,0.3477377875762784,-0.2594688047370255,0.6072065923132932,0.0008432379518126254,0.0008314728474871913,186,7.8375e-05,2
h_conv_-10,h_conv,-10.0,9.0,0.065,600.0,8.5,0.6210507400091417,CP_MIN,84.73418209978222,58.557644351772495,26.17653774800972,89.05251610728465,0.030816496384417746,-0.1285195242758661,0.1593360206602874,-0.04441434053318005,84.71711601545542,58.701824646376274,0.013750412057618178,0.015660770327912132,-0.0019103582702939548,84.71964187609458,58.540893233433295,0.016276272696785554,-0.14527064261506695,0.1615469153118454,0.0007898116300140146,0.001090348011288711,186,7.8375e-05,2
rho_COC_+10,rho_COC,10.0,1122.0,0.07,2400.0,0.5,0.5629574392171443,CP_MAX,81.92888790158432,61.77917202169975,20.14971587988457,87.91161911812227,-2.774477701813481,3.093008145651389,-5.867485847464863,-1.1853113296955513,84.46955850604745,58.94303228473759,-0.23380709735035055,0.256868408689229,-0.490675506039576,82.15753005154541,61.54998623267752,-2.5458355518523916,2.863822356629157,-5.409657908481545,0.005164947389260988,-0.027682619666997255,186,7.8375e-05,2
rho_COC_-10,rho_COC,-10.0,918.0,0.07,700.0,8.5,0.6279456295590492,CP_MIN,84.98015103482821,58.39202952580852,26.5881215090197,89.09876265015177,0.2767854314304117,-0.2941343502398439,0.5709197816702662,0.0018322023339436555,84.98015103482821,58.39202952580852,0.2767854314304117,-0.2941343502398439,0.5709197816702662,84.7033656033978,58.68616387604836,0.0,0.0,0.0,0.0,0.0,186,7.8375e-05,2
water_cp_+10,water_cp,10.0,4598.0,0.07,700.0,8.0,0.6328997902609956,CP_MIN,84.63228981166044,58.75148795369146,25.880801857968965,89.0968379309642,-0.07107579173735701,0.06532407764309767,-0.13639986938046889,-9.251685362698936e-05,84.63228981166044,58.75148795369146,-0.07107579173735701,0.06532407764309767,-0.13639986938046889,84.7033656033978,58.68616387604836,0.0,0.0,0.0,0.0,0.0,186,8.621249999999999e-05,2
water_cp_-10,water_cp,-10.0,3762.0,0.07,700.0,8.0,0.6343994886043478,CP_MIN,84.77420960308599,58.620926928835395,26.15328267425063,89.09702208391062,0.07084399968819355,-0.06523694721296636,0.13608094690119543,9.163609279028151e-05,84.77420960308599,58.620926928835395,0.07084399968819355,-0.06523694721296636,0.13608094690119543,84.7033656033978,58.68616387604836,0.0,0.0,0.0,0.0,0.0,186,7.05375e-05,2
water_k_+10,water_k,10.0,0.66,0.07,700.0,8.0,0.6334997317364252,CP_MIN,84.7065221291202,58.68400745848733,26.02251467063288,89.09746351963213,0.003156525722403103,-0.0021564175610322422,0.005312943283446003,0.0005330718143028434,84.7065221291202,58.68400745848733,0.003156525722403103,-0.0021564175610322422,0.005312943283446003,84.7033656033978,58.68616387604836,0.0,0.0,0.0,0.0,0.0,186,7.125e-05,2
water_k_-10,water_k,-10.0,0.54,0.07,700.0,8.0,0.6330458891194845,CP_MIN,84.69950437686212,58.68891499151154,26.01058938535059,89.0962800171962,-0.00386122653567611,0.0027511154631767454,-0.00661234199884575,-0.0006504306216328359,84.69950437686212,58.68891499151154,-0.00386122653567611,0.0027511154631767454,-0.00661234199884575,84.7033656033978,58.68616387604836,0.0,0.0,0.0,0.0,0.0,186,8.708333333333333e-05,2
water_rho_+10,water_rho,10.0,1100.0,0.07,700.0,8.0,0.6328997902609956,CP_MIN,84.63228981166044,58.75148795369146,25.880801857968965,89.0968379309642,-0.07107579173735701,0.06532407764309767,-0.13639986938046889,-9.251685362698936e-05,84.63228981166044,58.75148795369146,-0.07107579173735701,0.06532407764309767,-0.13639986938046889,84.7033656033978,58.68616387604836,0.0,0.0,0.0,0.0,0.0,186,8.621249999999999e-05,2
water_rho_-10,water_rho,-10.0,900.0,0.07,700.0,8.0,0.6343994886043478,CP_MIN,84.77420960308599,58.620926928835395,26.15328267425063,89.09702208391062,0.07084399968819355,-0.06523694721296636,0.13608094690119543,9.163609279028151e-05,84.77420960308599,58.620926928835395,0.07084399968819355,-0.06523694721296636,0.13608094690119543,84.7033656033978,58.68616387604836,0.0,0.0,0.0,0.0,0.0,186,7.05375e-05,2
